﻿<?xml version="1.0" encoding="utf-8" ?>
<objects xmlns="http://www.springframework.net">

  <!-- RabbitMQ -->
  <object id="ConnectionFactory" type="Spring.Messaging.Amqp.Rabbit.Connection.CachingConnectionFactory, Spring.Messaging.Amqp.Rabbit">
    <property name="Username" value="guest"/>
    <property name="Password" value="guest"/>
    <property name="Host" value="localhost"/>
  </object>

  <object name="RabbitTemplate" type="Spring.Messaging.Amqp.Rabbit.Core.RabbitTemplate, Spring.Messaging.Amqp.Rabbit">
    <property name="ConnectionFactory" ref="ConnectionFactory"/>
    <property name="MessageConverter" ref="JsonMessageConverter"/>
    <property name="Exchange" value="Sample.Exchange"/>
  </object>

  <object name="JsonMessageConverter" type="Spring.Messaging.Amqp.Support.Converter.JsonMessageConverter, Spring.Messaging.Amqp">
    <property name="CreateMessageIds" value="true" />
    <property name="TypeMapper" ref="TypeMapper"/>
  </object>
  
  <object name="TypeMapper" type="Spring.Messaging.Amqp.Support.Converter.DefaultTypeMapper, Spring.Messaging.Amqp">
    <property name="IdTypeMapping">
      <dictionary key-type="System.String" value-type="System.Object">
        <entry key="WeatherRequestMessageType" value="Contract.WeatherRequest, Contract" />
        <entry key="WeatherResponseMessageType" value="Contract.WeatherResponse, Contract" />        
      </dictionary>
    </property>
  </object>


  <!-- Services -->
  <object name="WeatherServiceGateway" type="ClientUI.Gateways.WeatherServiceGateway, ClientUI">
    <property name="RabbitTemplate" ref="RabbitTemplate"/>
  </object>
  <object name="TimeServiceGateway" type="ClientUI.Gateways.TimeServiceGateway, ClientUI">
    <property name="RabbitTemplate" ref="RabbitTemplate"/>
  </object>

</objects>
